Age,State,Travel,DailyRate,Department,DistanceHome,Education,EducationField,EmployeeCount,EmployeeNumber,EnvironmentSatisfaction,Gender,HourlyRate,JobLevel,error0##,JobRole,Job satisfaction,Married,Income,NumCompaniesWorked,Over18,OverTime,PercentSalaryHike,PerformanceRating,TotalWorkingYears,YearsAtCompany,unnamed1,unnamed2
34,UttarPradesh,Travel_Rarely,790,Sales,24,4,Medical,1,1489,1,Female,40,2,,Sales Executive,,Single,4599,0,Y,Yes,23,4,16,15,,
35,Maharashtra,Travel_Rarely,660,Sales,7,1,Life Sciences,1,1492,4,Male,76,1,,Sales Representative,,Married,2404,1,Y,No,13,3,1,1,,
24,Karnatka,Travel_Frequently,381,Research & Development,9,3,Medical,1,1494,2,Male,89,1,,Laboratory Technician,,Single,3172,2,Y,Yes,11,3,4,0,,
24,Delhi,Non-Travel,830,Sales,13,2,Life Sciences,1,1495,4,Female,78,1,,Sales Representative,,Married,2033,1,Y,No,13,3,1,1,,
44,Madhya Pradesh,Travel_Frequently,1193,Research & Development,2,1,Medical,1,1496,2,Male,86,3,,Manufacturing Director,,Single,10209,5,Y,Yes,18,3,16,2,,
29,UttarPradesh,Travel_Rarely,1246,Sales,19,3,Life Sciences,1,1497,3,Male,77,2,,Sales Executive,,Divorced,8620,1,Y,No,14,3,10,10,,
30,Maharashtra,Travel_Rarely,330,Human Resources,,3,Life Sciences,1,1499,3,Male,46,1,,Human Resources,,Divorced,2064,0,Y,No,21,4,6,5,,
55,Karnatka,Travel_Rarely,1229,Research & Development,4,4,Life Sciences,1,1501,4,Male,30,2,,Healthcare Representative,,Married,4035,0,Y,Yes,16,3,4,3,,
33,Delhi,Travel_Rarely,1099,Research & Development,4,4,Medical,1,1502,1,Female,82,1,,Laboratory Technician,,Married,3838,8,Y,No,11,3,8,5,,
47,Madhya Pradesh,Travel_Rarely,571,Sales,14,3,Medical,1,1503,3,Female,78,2,,Sales Executive,,Married,4591,3,,Yes,17,3,11,5,,
28,Andhra Pradesh,Travel_Frequently,289,Research & Development,2,2,Medical,1,1504,3,Male,38,1,,Laboratory Technician,,Single,2561,7,Y,No,11,3,8,0,,
28,Himachal Pradesh,Travel_Rarely,1423,Research & Development,1,3,Life Sciences,1,1506,1,Male,72,1,,Research Scientist,,Divorced,1563,1,Y,No,14,3,1,1,,
28,Kerala,Travel_Frequently,467,Sales,7,3,Life Sciences,1,1507,3,Male,55,2,,Sales Executive,,Single,4898,0,Y,No,14,3,5,4,,
49,Haryana,Travel_Rarely,271,Research & Development,3,2,Medical,1,1509,3,Female,43,2,,Laboratory Technician,,Married,4789,4,Y,No,25,4,10,3,,
29,Bihar,Travel_Frequently,410,Research & Development,2,1,Life Sciences,1,1513,4,Female,97,1,,Laboratory Technician,,Married,3180,0,Y,No,13,3,4,3,,
28,Gujrat,Travel_Rarely,1083,Research & Development,29,1,Life Sciences,1,1514,3,Male,96,2,,Manufacturing Director,,Married,6549,1,Y,No,14,3,8,8,,
33,Andhra Pradesh,Travel_Rarely,516,Research & Development,8,5,Life Sciences,1,1515,4,Male,69,2,,Healthcare Representative,,Single,6388,2,Y,Yes,17,3,14,0,,
32,Himachal Pradesh,Travel_Rarely,495,Research & Development,10,3,Medical,1,1516,3,Male,64,3,,Manager,,Single,11244,2,Y,No,25,4,10,5,,
54,Kerala,Travel_Frequently,1050,Research & Development,11,4,Medical,1,1520,2,Female,87,4,,Manager,,Divorced,16032,3,Y,No,20,4,26,14,,
29,Haryana,Travel_Rarely,224,Research & Development,1,4,Technical Degree,1,1522,1,Male,100,1,,Research Scientist,,Single,2362,6,Y,No,13,3,11,9,,
44,UttarPradesh,Travel_Rarely,136,Research & Development,28,3,Life Sciences,1,1523,4,Male,32,4,,Research Director,,Married,16328,3,Y,No,13,3,24,20,,
39,Maharashtra,Travel_Rarely,1089,Research & Development,,3,Life Sciences,1,1525,2,Female,32,3,,Manufacturing Director,,Single,8376,4,Y,No,18,3,9,2,,
46,Karnatka,Travel_Rarely,228,Sales,3,3,Life Sciences,1,1527,3,Female,51,4,,Manager,,Married,16606,8,Y,No,12,3,23,13,,
35,Delhi,Travel_Rarely,1029,Research & Development,16,3,Life Sciences,1,1529,4,Female,91,3,,Healthcare Representative,,Single,8606,1,Y,No,19,3,11,11,,
23,Madhya Pradesh,Travel_Rarely,507,Research & Development,20,1,Life Sciences,1,1533,1,Male,97,2,,Laboratory Technician,,Single,2272,0,Y,No,14,3,5,4,,
40,UttarPradesh,Travel_Rarely,676,Research & Development,9,4,Life Sciences,1,1534,4,Male,86,1,,Laboratory Technician,,Single,2018,3,Y,No,14,3,15,5,,
34,Maharashtra,Travel_Rarely,971,Sales,1,3,Technical Degree,1,1535,4,Male,64,3,,Sales Executive,,Married,7083,1,,Yes,14,3,10,10,,
31,Karnatka,Travel_Frequently,561,Research & Development,3,3,Life Sciences,1,1537,4,Female,33,1,,Research Scientist,,Single,4084,1,Y,No,12,3,7,7,,
50,Delhi,Travel_Frequently,333,Research & Development,22,5,Medical,1,1539,3,Male,88,4,,Research Director,,Single,14411,1,Y,Yes,13,3,32,32,,
34,Madhya Pradesh,Travel_Rarely,1440,Sales,7,2,Technical Degree,1,1541,2,Male,55,1,,Sales Representative,,Married,2308,0,Y,Yes,25,4,12,11,,
42,Andhra Pradesh,Travel_Rarely,1210,Research & Development,2,3,Medical,1,1542,3,Male,68,1,,Laboratory Technician,,Married,4841,4,,No,14,3,4,1,,
37,Delhi,Travel_Rarely,674,Research & Development,13,3,Medical,1,1543,1,Male,47,2,,Research Scientist,,Married,4285,1,Y,No,17,3,10,10,,
29,Madhya Pradesh,Travel_Rarely,441,Research & Development,8,1,Other,1,1544,3,Female,39,2,,Healthcare Representative,,Married,9715,3,Y,No,13,3,9,7,,
33,Andhra Pradesh,Travel_Rarely,575,Research & Development,25,3,Life Sciences,1,1545,4,Male,44,2,,Manufacturing Director,,Single,4320,1,Y,No,13,3,5,5,,
45,Himachal Pradesh,Travel_Rarely,950,Research & Development,28,3,Technical Degree,1,1546,4,Male,97,1,,Research Scientist,,Married,2132,4,Y,No,20,4,8,5,,
42,Kerala,Travel_Frequently,288,Research & Development,2,3,Life Sciences,1,1547,4,Male,40,3,,Healthcare Representative,,Married,10124,2,Y,Yes,14,3,24,20,,
40,UttarPradesh,Travel_Rarely,1342,Sales,9,2,Medical,1,1548,1,Male,47,2,,Sales Executive,,Married,5473,0,Y,No,12,3,9,8,,
33,Maharashtra,Travel_Rarely,589,Research & Development,28,4,Life Sciences,1,1549,2,Male,79,2,,Laboratory Technician,,Married,5207,1,Y,Yes,12,3,15,15,,
40,Karnatka,Travel_Rarely,898,Human Resources,6,2,Medical,1,1550,3,Male,38,4,,Manager,,Single,16437,1,Y,Yes,21,4,21,21,,
24,Delhi,Travel_Rarely,350,Research & Development,21,2,Technical Degree,1,1551,3,Male,57,1,,Laboratory Technician,,Divorced,2296,0,Y,No,14,3,2,1,,
40,Madhya Pradesh,Non-Travel,1142,Research & Development,8,2,Life Sciences,1,1552,4,Male,72,2,,Healthcare Representative,,Divorced,4069,3,Y,Yes,18,3,8,2,,
45,UttarPradesh,Travel_Rarely,538,Research & Development,1,4,Technical Degree,1,1553,1,Male,66,3,,Healthcare Representative,,Divorced,7441,1,Y,No,12,3,10,10,,
35,Maharashtra,Travel_Rarely,1402,Sales,28,4,Life Sciences,1,1554,2,Female,98,1,,Sales Representative,,Married,2430,0,Y,No,23,4,6,5,,
32,Karnatka,Travel_Rarely,824,Research & Development,5,2,Life Sciences,1,1555,4,Female,67,2,,Research Scientist,,Married,5878,3,Y,No,12,3,12,7,,
36,Delhi,Travel_Rarely,1157,Sales,2,4,Life Sciences,1,1556,3,Male,70,1,,Sales Representative,,Single,2644,3,Y,Yes,21,4,7,3,,
48,Madhya Pradesh,Travel_Rarely,492,Sales,16,4,Life Sciences,1,1557,3,Female,96,2,,Sales Executive,,Divorced,6439,8,Y,No,14,3,18,8,,
29,Andhra Pradesh,Travel_Rarely,598,Research & Development,9,3,Life Sciences,1,1558,3,Male,91,1,,Research Scientist,,Married,2451,6,Y,No,18,3,5,1,,
33,Delhi,Travel_Rarely,1242,Sales,8,4,Life Sciences,1,1560,1,Male,46,2,,Sales Executive,,Married,6392,2,Y,No,13,3,8,2,,
30,Madhya Pradesh,Travel_Rarely,740,Sales,1,3,Life Sciences,1,1562,2,Male,64,2,,Sales Executive,,Married,9714,1,Y,No,11,3,10,10,,
38,Andhra Pradesh,Travel_Frequently,888,Human Resources,10,4,Human Resources,1,1563,3,Male,71,2,,Human Resources,,Married,6077,3,Y,No,11,3,10,6,,
35,Himachal Pradesh,Travel_Rarely,992,Research & Development,1,3,Medical,1,1564,4,Male,68,1,,Laboratory Technician,,Single,2450,1,Y,No,19,3,3,3,,
30,Kerala,Travel_Rarely,1288,Sales,29,4,Technical Degree,1,1568,3,Male,33,3,,Sales Executive,,Married,9250,3,Y,No,12,3,9,4,,
35,Haryana,Travel_Rarely,104,Research & Development,2,3,Life Sciences,1,1569,1,Female,69,1,,Laboratory Technician,,Divorced,2074,1,Y,Yes,12,3,1,1,,
53,Bihar,Travel_Rarely,607,Research & Development,2,5,Technical Degree,1,1572,3,Female,78,3,,Manufacturing Director,,Married,10169,0,Y,No,16,3,34,33,,
38.3,Gujrat,Travel_Rarely,903,Research & Development,2,3,Medical,1,1573,3,Male,81,2,,Manufacturing Director,,Married,4855,4,Y,No,11,3,7,5,,
32,UttarPradesh,Non-Travel,1200,Research & Development,1,4,Technical Degree,1,1574,4,Male,62,2,,Research Scientist,,Married,4087,4,Y,No,14,3,9,6,,
48,Maharashtra,Travel_Rarely,1108,Research & Development,15,4,Other,1,1576,3,Female,65,1,,Research Scientist,,Married,2367,8,Y,No,12,3,10,8,,
34,Karnatka,Travel_Rarely,479,Research & Development,7,4,Medical,1,1577,1,Male,35,1,,Research Scientist,,Single,2972,1,Y,No,13,3,1,1,,
55,Delhi,Travel_Rarely,685,Sales,26,5,Marketing,1,1578,3,Male,60,5,,Manager,,Married,19586,1,Y,No,21,4,36,36,,
34,Madhya Pradesh,Travel_Rarely,1351,Research & Development,1,4,Life Sciences,1,1580,2,Male,45,2,,Research Scientist,,Married,5484,9,Y,No,17,3,9,2,,
26,Andhra Pradesh,Travel_Rarely,474,Research & Development,3,3,Life Sciences,1,1581,1,Female,89,1,,Research Scientist,,Married,2061,1,Y,No,21,4,1,1,,
38,Himachal Pradesh,Travel_Rarely,1245,Sales,14,3,Life Sciences,1,1582,3,Male,80,2,,Sales Executive,,Married,9924,0,Y,No,11,3,10,9,,
38,Kerala,Travel_Rarely,437,Sales,16,3,Life Sciences,1,1583,2,Female,90,2,,Sales Executive,,Single,4198,2,Y,No,12,3,8,3,,
36,Haryana,Travel_Rarely,884,Sales,1,4,Life Sciences,1,1585,2,Female,73,2,,Sales Executive,,Single,6815,6,Y,No,13,3,15,1,,
29,Bihar,Travel_Rarely,1370,Research & Development,3,1,Medical,1,1586,2,Male,87,1,,Laboratory Technician,,Single,4723,1,Y,Yes,18,3,10,10,,
35,Gujrat,Travel_Rarely,670,Research & Development,10,4,Medical,1,1587,1,Female,51,2,,Healthcare Representative,,Single,6142,3,Y,Yes,16,3,10,5,,
39,UttarPradesh,Travel_Rarely,1462,Sales,6,3,Medical,1,1588,4,Male,38,3,,Sales Executive,,Married,8237,2,Y,No,11,3,11,7,,
29,Maharashtra,Travel_Frequently,995,Research & Development,2,1,Life Sciences,1,1590,1,Male,87,2,,Healthcare Representative,,Divorced,8853,1,Y,No,19,3,6,6,,
50,Karnatka,Travel_Rarely,264,Sales,9,3,Marketing,1,1591,3,Male,59,5,,Manager,,Married,19331,4,Y,Yes,16,3,27,1,,
23,Delhi,Travel_Rarely,977,Research & Development,10,3,Technical Degree,1,1592,4,Male,45,1,,Research Scientist,,Married,2073,2,Y,No,16,3,4,2,,
36,Madhya Pradesh,Travel_Frequently,1302,Research & Development,6,4,Life Sciences,1,1594,1,Male,80,2,,Laboratory Technician,,Married,5562,3,Y,Yes,13,3,9,3,,
42,UttarPradesh,Travel_Rarely,1059,Research & Development,9,2,Other,1,1595,4,Male,93,5,,Manager,,Single,19613,8,Y,No,22,4,24,1,,
35,Maharashtra,Travel_Rarely,750,Research & Development,28,3,Life Sciences,1,1596,2,Male,46,2,,Laboratory Technician,,Married,3407,1,Y,No,17,3,10,10,,
34,Karnatka,Travel_Frequently,653,Research & Development,10,4,Technical Degree,1,1597,4,Male,92,2,,Healthcare Representative,,Married,5063,1,Y,No,14,3,8,8,,
40,Delhi,Travel_Rarely,118,Sales,14,2,Life Sciences,1,1598,4,Female,84,2,,Sales Executive,,Married,4639,1,Y,No,15,3,5,5,,
43,Madhya Pradesh,Travel_Rarely,990,Research & Development,27,3,Technical Degree,1,1599,4,Male,87,1,,Laboratory Technician,,Divorced,4876,5,Y,No,12,3,8,6,,
35,Andhra Pradesh,Travel_Rarely,1349,Research & Development,7,2,Life Sciences,1,1601,3,Male,63,1,,Laboratory Technician,,Married,2690,1,Y,No,18,3,1,1,,
46,Himachal Pradesh,Travel_Rarely,563,Sales,1,4,Life Sciences,1,1602,4,Male,56,4,,Manager,,Single,17567,1,Y,No,15,3,27,26,,
28,Kerala,Travel_Rarely,329,Research & Development,24,3,Medical,1,1604,3,Male,51,1,,Laboratory Technician,,Married,2408,1,Y,Yes,17,3,1,1,,
22,Haryana,Non-Travel,457,Research & Development,26,2,Other,1,1605,2,Female,85,1,,Research Scientist,,Married,2814,1,Y,Yes,14,3,4,4,,
50,Bihar,Travel_Frequently,1234,Research & Development,20,5,Medical,1,1606,2,Male,41,4,,Healthcare Representative,,Married,11245,2,Y,Yes,15,3,32,30,,
32,Gujrat,Travel_Rarely,634,Research & Development,5,4,Other,1,1607,2,Female,35,1,,Research Scientist,,Married,3312,3,Y,No,17,3,6,3,,
44,Andhra Pradesh,Travel_Rarely,1313,Research & Development,7,3,Medical,1,1608,2,Female,31,5,,Research Director,,Divorced,19049,0,Y,Yes,14,3,23,22,,
30,Himachal Pradesh,Travel_Rarely,241,Research & Development,7,3,Medical,1,1609,2,Male,48,1,,Research Scientist,,Married,2141,1,Y,No,12,3,6,6,,
45,Kerala,Travel_Rarely,1015,Research & Development,5,5,Medical,1,1611,3,Female,50,2,,Laboratory Technician,,Single,5769,1,Y,Yes,14,3,10,10,,
45,Haryana,Non-Travel,336,Sales,26,3,Marketing,1,1612,1,Male,52,2,,Sales Executive,,Married,4385,1,Y,No,15,3,10,10,,
31,UttarPradesh,Travel_Frequently,715,Sales,2,4,Other,1,1613,4,Male,54,2,,Sales Executive,,Single,5332,7,Y,No,13,3,10,5,,
36,Maharashtra,Travel_Rarely,559,Research & Development,12,4,Life Sciences,1,1614,3,Female,76,2,,Manufacturing Director,,Married,4663,9,Y,Yes,12,3,7,3,,
34,Karnatka,Travel_Frequently,426,Research & Development,10,4,Life Sciences,1,1615,3,Male,42,2,,Manufacturing Director,,Divorced,4724,1,Y,No,13,3,9,9,,
49,Delhi,Travel_Rarely,722,Research & Development,25,4,Life Sciences,1,1617,3,Female,84,1,,Laboratory Technician,,Married,3211,1,Y,No,14,3,10,9,,
39,Madhya Pradesh,Travel_Rarely,1387,Research & Development,10,5,Medical,1,1618,2,Male,76,2,,Manufacturing Director,,Married,5377,2,Y,No,13,3,10,7,,
27,UttarPradesh,Travel_Rarely,1302,Research & Development,19,3,Other,1,1619,4,Male,67,1,,Laboratory Technician,,Divorced,4066,1,Y,No,11,3,7,7,,
35,Maharashtra,Travel_Rarely,819,Research & Development,18,5,Life Sciences,1,1621,2,Male,48,2,,Research Scientist,,Married,5208,1,Y,No,11,3,16,16,,
28,Karnatka,Travel_Rarely,580,Research & Development,27,3,Medical,1,1622,2,Female,39,2,,Manufacturing Director,,Divorced,4877,0,Y,No,21,4,6,5,,
21,Delhi,Travel_Rarely,546,Research & Development,5,1,Medical,1,1623,3,Male,97,1,,Research Scientist,,Single,3117,1,Y,No,18,3,3,2,,
18,Madhya Pradesh,Travel_Frequently,544,Sales,3,2,Medical,1,1624,2,Female,70,1,,Sales Representative,,Single,1569,1,Y,Yes,12,3,0,0,,
47,Andhra Pradesh,Travel_Rarely,1176,Human Resources,26,4,Life Sciences,1,1625,4,Female,98,5,,Manager,,Married,19658,3,Y,No,11,3,27,5,,
39,Delhi,Travel_Rarely,170,Research & Development,3,2,Medical,1,1627,3,Male,76,2,,Laboratory Technician,,Divorced,3069,0,Y,No,15,3,11,10,,
40,Madhya Pradesh,Travel_Rarely,884,Research & Development,15,3,Life Sciences,1,1628,1,Female,80,3,,Manufacturing Director,,Married,10435,1,Y,No,13,3,18,18,,
35,Andhra Pradesh,Non-Travel,208,Research & Development,8,4,Life Sciences,1,1630,3,Female,52,2,,Healthcare Representative,,Married,4148,1,Y,No,12,3,15,14,,
37,Himachal Pradesh,Travel_Rarely,671,Research & Development,19,3,Life Sciences,1,1631,3,Male,85,2,,Manufacturing Director,,Married,5768,3,Y,No,17,3,9,4,,
39,Kerala,Travel_Frequently,711,Research & Development,4,3,Medical,1,1633,1,Female,81,2,,Manufacturing Director,,Single,5042,0,Y,No,13,3,10,9,,
45,UttarPradesh,Travel_Rarely,1329,Research & Development,2,2,Other,1,1635,4,Female,59,2,,Manufacturing Director,,Divorced,5770,1,Y,No,19,3,10,10,,
38,Maharashtra,Travel_Rarely,397,Research & Development,2,2,Medical,1,1638,4,Female,54,3,,Manufacturing Director,,Married,7756,3,Y,Yes,19,3,10,5,,
35,Karnatka,Travel_Rarely,737,Sales,10,3,Medical,1,1639,4,Male,55,3,,Sales Executive,,Married,10306,9,Y,No,17,3,15,13,,
37,Delhi,Travel_Rarely,1470,Research & Development,10,3,Medical,1,1640,2,Female,71,1,,Research Scientist,,Married,3936,1,Y,No,11,3,8,8,,
40,Madhya Pradesh,Travel_Rarely,448,Research & Development,16,3,Life Sciences,1,1641,3,Female,84,3,,Manufacturing Director,,Single,7945,6,Y,Yes,15,3,18,4,,
44,UttarPradesh,Travel_Frequently,602,Human Resources,1,5,Human Resources,1,1642,1,Male,37,2,,Human Resources,,Married,5743,4,Y,Yes,11,3,14,10,,
48,Maharashtra,Travel_Frequently,365,Research & Development,4,5,Medical,1,1644,3,Male,89,4,,Manager,,Married,15202,2,Y,No,25,4,23,2,,
35,Karnatka,Travel_Rarely,763,Sales,15,2,Medical,1,1645,1,Male,59,2,,Sales Executive,,Divorced,5440,6,Y,Yes,14,3,7,2,,
24,Delhi,Travel_Frequently,567,Research & Development,2,1,Technical Degree,1,1646,1,Female,32,1,,Research Scientist,,Single,3760,1,Y,Yes,13,3,6,6,,
27,Madhya Pradesh,Travel_Rarely,486,Research & Development,8,3,Medical,1,1647,2,Female,86,1,,Research Scientist,,Married,3517,7,Y,No,17,3,5,3,,
27,Andhra Pradesh,Travel_Frequently,591,Research & Development,2,3,Medical,1,1648,4,Male,87,1,,Research Scientist,,Single,2580,2,Y,No,13,3,6,4,,
40,Delhi,Travel_Rarely,1329,Research & Development,7,3,Life Sciences,1,1649,1,Male,73,1,,Laboratory Technician,,Single,2166,3,Y,Yes,14,3,10,4,,
29,Madhya Pradesh,Travel_Rarely,469,Sales,10,3,Medical,1,1650,3,Male,42,2,,Sales Executive,,Single,5869,9,Y,No,11,3,8,5,,
36,Andhra Pradesh,Travel_Rarely,711,Research & Development,5,4,Life Sciences,1,1651,2,Female,42,3,,Healthcare Representative,,Married,8008,4,Y,No,12,3,9,3,,
25,Himachal Pradesh,Travel_Frequently,772,Research & Development,2,1,Life Sciences,1,1653,4,Male,77,2,,Manufacturing Director,,Divorced,5206,1,Y,No,17,3,7,7,,
39,Kerala,Travel_Rarely,492,Research & Development,12,3,Medical,1,1654,4,Male,66,2,,Manufacturing Director,,Married,5295,4,Y,No,21,4,7,5,,
49,Haryana,Travel_Rarely,301,Research & Development,22,4,Other,1,1655,1,Female,72,4,,Research Director,,Married,16413,3,Y,No,16,3,27,4,,
50,Bihar,Travel_Rarely,813,Research & Development,17,5,Life Sciences,1,1656,4,Female,50,3,,Research Director,,Divorced,13269,5,Y,No,15,3,19,14,,
20,Gujrat,Travel_Rarely,1141,Sales,2,3,Medical,1,1657,3,Female,31,1,,Sales Representative,,Single,2783,1,Y,No,19,3,2,2,,
34,UttarPradesh,Travel_Rarely,1130,Research & Development,3,3,Life Sciences,1,1658,4,Female,66,2,,Research Scientist,,Divorced,5433,1,Y,No,12,3,11,11,,
36,Maharashtra,Travel_Rarely,311,Research & Development,7,3,Life Sciences,1,1659,1,Male,77,1,,Laboratory Technician,,Single,2013,2,Y,No,11,3,15,4,,
49,Karnatka,Travel_Rarely,465,Research & Development,6,1,Life Sciences,1,1661,3,Female,41,4,,Healthcare Representative,,Married,13966,2,Y,Yes,19,3,30,15,,
36,Delhi,Non-Travel,894,Research & Development,1,4,Medical,1,1662,4,Female,33,2,,Manufacturing Director,,Married,4374,0,Y,No,15,3,4,3,,
36,Madhya Pradesh,Travel_Rarely,1040,Research & Development,3,2,Life Sciences,1,1664,4,Male,79,2,,Healthcare Representative,,Divorced,6842,6,Y,No,20,4,13,5,,
54,Andhra Pradesh,Travel_Rarely,584,Research & Development,22,5,Medical,1,1665,2,Female,91,4,,Manager,,Married,17426,3,Y,No,25,4,36,10,,
43,Himachal Pradesh,Travel_Rarely,1291,Research & Development,15,2,Life Sciences,1,1666,3,Male,65,4,,Research Director,,Married,17603,1,Y,No,24,4,14,14,,
35,Kerala,Travel_Frequently,880,Sales,12,4,Other,1,1667,4,Male,36,2,,Sales Executive,,Single,4581,3,Y,Yes,24,4,13,11,,
38,Haryana,Travel_Frequently,1189,Research & Development,1,3,Life Sciences,1,1668,4,Male,90,2,,Research Scientist,,Married,4735,7,Y,No,15,3,19,13,,
29,Bihar,Travel_Rarely,991,Sales,5,3,Medical,1,1669,1,Male,43,2,,Sales Executive,,Divorced,4187,1,Y,Yes,13,3,10,10,,
33,Gujrat,Travel_Rarely,392,Sales,2,4,Medical,1,1670,4,Male,93,2,,Sales Executive,,Divorced,5505,1,Y,No,14,3,6,6,,
32,UttarPradesh,Travel_Rarely,977,Research & Development,2,3,Medical,1,1671,4,Male,45,2,,Research Scientist,,Divorced,5470,0,Y,No,13,3,10,9,,
31,Maharashtra,Travel_Rarely,1112,Sales,5,4,Life Sciences,1,1673,1,Female,67,2,,Sales Executive,,Married,5476,1,Y,No,11,3,10,10,,
49,Karnatka,Travel_Rarely,464,Research & Development,16,3,Medical,1,1674,4,Female,74,1,,Laboratory Technician,,Divorced,2587,4,Y,Yes,16,3,17,2,,
38,Delhi,Travel_Frequently,148,Research & Development,2,3,Medical,1,1675,4,Female,42,1,,Laboratory Technician,,Single,2440,1,Y,No,22,4,4,4,,
47,Madhya Pradesh,Travel_Rarely,1225,Sales,2,4,Life Sciences,1,1676,2,Female,47,4,,Manager,,Divorced,15972,6,Y,No,14,3,29,3,,
49,UttarPradesh,Travel_Rarely,809,Research & Development,1,3,Life Sciences,1,1677,3,Male,36,4,,Manager,,Single,15379,4,Y,No,14,3,23,8,,
41,Maharashtra,Travel_Rarely,1206,Sales,23,2,Life Sciences,1,1678,4,Male,80,3,,Sales Executive,,Single,7082,3,Y,Yes,16,3,21,2,,
20,Karnatka,Travel_Rarely,727,Sales,9,1,Life Sciences,1,1680,4,Male,54,1,,Sales Representative,,Single,2728,1,Y,No,11,3,2,2,,
33,Delhi,Non-Travel,530,Sales,16,3,Life Sciences,1,1681,3,Female,36,2,,Sales Executive,,Divorced,5368,1,Y,Yes,25,4,7,6,,
36,Madhya Pradesh,Travel_Rarely,1351,Research & Development,26,4,Life Sciences,1,1682,1,Male,80,2,,Healthcare Representative,,Married,5347,6,Y,No,14,3,10,3,,
44,Andhra Pradesh,Travel_Rarely,528,Human Resources,1,3,Life Sciences,1,1683,3,Female,44,1,,Human Resources,,Divorced,3195,4,Y,Yes,18,3,8,2,,
23,Himachal Pradesh,Travel_Rarely,1320,Research & Development,8,1,Medical,1,1684,4,Male,93,1,,Laboratory Technician,,Single,3989,1,Y,Yes,11,3,5,5,,
38,Kerala,Travel_Rarely,1495,Research & Development,4,2,Medical,1,1687,4,Female,87,1,,Laboratory Technician,,Married,3306,7,Y,No,19,3,7,0,,
53,Haryana,Travel_Rarely,1395,Research & Development,24,4,Medical,1,1689,2,Male,48,3,,Healthcare Representative,,Married,7005,3,Y,No,15,3,11,4,,
48,Bihar,Travel_Frequently,708,Sales,7,2,Medical,1,1691,4,Female,95,1,,Sales Representative,,Married,2655,2,Y,Yes,11,3,19,9,,
32,Gujrat,Travel_Rarely,1259,Research & Development,2,4,Life Sciences,1,1692,4,Male,95,1,,Laboratory Technician,,Single,1393,1,Y,No,12,3,1,1,,
26,Andhra Pradesh,Non-Travel,786,Research & Development,7,3,Medical,1,1693,4,Male,76,1,,Laboratory Technician,,Single,2570,1,Y,No,20,4,7,7,,
55,Himachal Pradesh,Travel_Rarely,1441,Research & Development,22,3,Technical Degree,1,1694,1,Male,94,1,,Research Scientist,,Divorced,3537,5,Y,No,12,3,8,4,,
34,Kerala,Travel_Rarely,1157,Research & Development,5,2,Medical,1,1696,2,Male,57,2,,Laboratory Technician,,Married,3986,1,Y,No,14,3,15,15,,
60,Haryana,Travel_Rarely,370,Research & Development,1,4,Medical,1,1697,3,Male,92,3,,Healthcare Representative,,Divorced,10883,3,Y,No,20,4,19,1,,
33,UttarPradesh,Travel_Rarely,267,Research & Development,21,3,Medical,1,1698,2,Male,79,1,,Laboratory Technician,,Married,2028,1,Y,No,18,3,14,14,,
37,Maharashtra,Travel_Frequently,1278,Sales,1,4,Medical,1,1700,3,Male,31,2,,Sales Executive,,Divorced,9525,1,Y,No,14,3,6,6,,
34,Karnatka,Travel_Rarely,678,Research & Development,19,3,Life Sciences,1,1701,2,Female,35,1,,Research Scientist,,Married,2929,1,Y,No,12,3,10,10,,
23,Delhi,Travel_Rarely,427,Sales,7,3,Life Sciences,1,1702,3,Male,99,1,,Sales Representative,,Divorced,2275,1,Y,Yes,21,4,3,3,,
44,Madhya Pradesh,Travel_Rarely,921,Research & Development,2,3,Life Sciences,1,1703,3,Female,96,3,,Healthcare Representative,,Married,7879,1,Y,Yes,19,3,9,8,,
35,UttarPradesh,Travel_Frequently,146,Research & Development,2,4,Medical,1,1704,1,Male,79,1,,Research Scientist,,Single,4930,0,Y,Yes,14,3,6,5,,
43,Maharashtra,Travel_Rarely,1179,Sales,2,3,Medical,1,1706,4,Male,73,2,,Sales Executive,,Married,7847,1,Y,Yes,17,3,10,10,,
24,Karnatka,Travel_Rarely,581,Research & Development,9,3,Medical,1,1707,3,Male,62,1,,Research Scientist,,Married,4401,1,Y,No,16,3,5,5,,
41,Delhi,Travel_Rarely,918,Sales,6,3,Marketing,1,1708,4,Male,35,3,,Sales Executive,,Single,9241,1,Y,No,12,3,10,10,,
29,Madhya Pradesh,Travel_Rarely,1082,Research & Development,9,4,Medical,1,1709,4,Female,43,1,,Laboratory Technician,,Married,2974,9,Y,No,17,3,9,5,,
36,Andhra Pradesh,Travel_Rarely,530,Sales,2,4,Life Sciences,1,1710,3,Female,51,2,,Sales Representative,,Single,4502,3,Y,No,15,3,17,13,,
45,Delhi,Non-Travel,1238,Research & Development,1,1,Life Sciences,1,1712,3,Male,74,3,,Healthcare Representative,,Married,10748,3,Y,No,23,4,25,23,,
24,Madhya Pradesh,Travel_Rarely,240,Human Resources,22,1,Human Resources,1,1714,4,Male,58,1,,Human Resources,,Married,1555,1,Y,No,11,3,1,1,,
47,Andhra Pradesh,Travel_Frequently,1093,Sales,9,3,Life Sciences,1,1716,3,Male,82,4,,Sales Executive,,Married,12936,7,Y,No,11,3,25,23,,
26,Himachal Pradesh,Travel_Rarely,390,Research & Development,17,4,Medical,1,1718,4,Male,62,1,,Laboratory Technician,,Married,2305,1,Y,No,15,3,3,3,,
45,Kerala,Travel_Rarely,1005,Research & Development,28,2,Technical Degree,1,1719,4,Female,48,4,,Research Director,,Single,16704,1,Y,No,11,3,21,21,,
32,UttarPradesh,Travel_Frequently,585,Research & Development,10,3,Life Sciences,1,1720,1,Male,56,1,,Research Scientist,,Married,3433,6,Y,No,13,3,10,5,,
31,Maharashtra,Travel_Rarely,741,Research & Development,2,4,Life Sciences,1,1721,2,Male,69,1,,Laboratory Technician,,Married,3477,1,Y,No,14,3,6,5,,
41,Karnatka,Non-Travel,552,Human Resources,4,3,Human Resources,1,1722,3,Male,60,2,,Human Resources,,Married,6430,6,Y,No,19,3,10,3,,
40,Delhi,Travel_Rarely,369,Research & Development,8,2,Life Sciences,1,1724,2,Female,92,2,,Manufacturing Director,,Married,6516,2,Y,Yes,16,3,18,1,,
24,Madhya Pradesh,Travel_Rarely,506,Research & Development,29,1,Medical,1,1725,2,Male,91,1,,Laboratory Technician,,Divorced,3907,1,Y,No,13,3,6,6,,
46,UttarPradesh,Travel_Rarely,717,Research & Development,13,4,Life Sciences,1,1727,3,Male,34,2,,Healthcare Representative,,Single,5562,6,Y,No,14,3,19,10,,
35,Maharashtra,Travel_Rarely,1370,Research & Development,27,4,Life Sciences,1,1728,4,Male,49,2,,Manufacturing Director,,Married,6883,2,Y,No,16,3,17,7,,
30,Karnatka,Travel_Rarely,793,Research & Development,16,1,Life Sciences,1,1729,2,Male,33,1,,Research Scientist,,Married,2862,1,Y,No,12,3,10,10,,
47,Delhi,Non-Travel,543,Sales,2,4,Marketing,1,1731,3,Male,87,2,,Sales Executive,,Married,4978,7,Y,No,11,3,4,1,,
46,Madhya Pradesh,Travel_Rarely,1277,Sales,2,3,Life Sciences,1,1732,3,Male,74,3,,Sales Executive,,Divorced,10368,4,Y,Yes,12,3,13,10,,
36,Andhra Pradesh,Travel_Rarely,1456,Sales,13,5,Marketing,1,1733,2,Male,96,2,,Sales Executive,,Divorced,6134,5,Y,Yes,13,3,16,2,,
32,Delhi,Travel_Rarely,964,Sales,1,2,Life Sciences,1,1734,1,Male,34,2,,Sales Executive,,Single,6735,6,Y,No,15,3,10,0,,
23,Madhya Pradesh,Travel_Rarely,160,Research & Development,4,1,Medical,1,1735,3,Female,51,1,,Laboratory Technician,,Single,3295,1,Y,No,13,3,3,3,,
31,Andhra Pradesh,Travel_Frequently,163,Research & Development,24,1,Technical Degree,1,1736,4,Female,30,2,,Manufacturing Director,,Single,5238,2,Y,No,20,4,9,5,,
39,Himachal Pradesh,Non-Travel,792,Research & Development,1,3,Life Sciences,1,1737,4,Male,77,2,,Laboratory Technician,,Married,6472,1,Y,Yes,15,3,9,9,,
32,Kerala,Travel_Rarely,371,Sales,19,3,Life Sciences,1,1739,4,Male,80,3,,Sales Executive,,Married,9610,3,Y,No,13,3,10,4,,
40,Haryana,Travel_Rarely,611,Sales,7,4,Medical,1,1740,2,Male,88,5,,Manager,,Single,19833,1,Y,No,14,3,21,21,,
45,Bihar,Travel_Rarely,176,Human Resources,4,3,Life Sciences,1,1744,3,Female,56,3,,Human Resources,,Married,9756,4,Y,No,21,4,9,5,,
30,Gujrat,Travel_Frequently,1312,Research & Development,2,4,Technical Degree,1,1745,4,Female,78,1,,Research Scientist,,Single,4968,0,Y,No,16,3,10,9,,
24,UttarPradesh,Travel_Frequently,897,Human Resources,10,3,Medical,1,1746,1,Male,59,1,,Human Resources,,Married,2145,0,Y,No,14,3,3,2,,
30,Maharashtra,Travel_Frequently,600,Human Resources,8,3,Human Resources,1,1747,3,Female,66,1,,Human Resources,,Divorced,2180,6,Y,No,11,3,6,4,,
31,Karnatka,Travel_Rarely,1003,Sales,5,3,Technical Degree,1,1749,1,Male,51,2,,Sales Executive,,Married,8346,1,Y,No,19,3,6,5,,
27,Delhi,Travel_Rarely,1054,Research & Development,8,3,Medical,1,1751,3,Female,67,1,,Research Scientist,,Single,3445,1,Y,No,11,3,6,6,,
29,Madhya Pradesh,Travel_Rarely,428,Sales,9,3,Marketing,1,1752,2,Female,52,1,,Sales Representative,,Single,2760,1,Y,No,13,3,2,2,,
29,Andhra Pradesh,Travel_Frequently,461,Research & Development,1,3,Life Sciences,1,1753,4,Male,70,2,,Healthcare Representative,,Single,6294,8,Y,Yes,12,3,10,3,,
30,Himachal Pradesh,Travel_Rarely,979,Sales,15,2,Marketing,1,1754,3,Male,94,3,,Sales Executive,,Divorced,7140,2,Y,No,11,3,12,7,,
34,Kerala,Travel_Rarely,181,Research & Development,2,4,Medical,1,1755,4,Male,97,1,,Research Scientist,,Married,2932,0,Y,Yes,14,3,6,5,,
33,Haryana,Non-Travel,1283,Sales,2,3,Marketing,1,1756,4,Female,62,2,,Sales Executive,,Single,5147,8,Y,No,15,3,13,11,,
49,Bihar,Travel_Rarely,1313,Sales,11,4,Marketing,1,1757,4,Female,80,2,,Sales Executive,,Single,4507,3,Y,No,12,3,8,5,,
33,Gujrat,Travel_Rarely,211,Sales,16,3,Life Sciences,1,1758,1,Female,74,3,,Sales Executive,,Single,8564,2,Y,Yes,20,4,11,0,,
38,UttarPradesh,Travel_Frequently,594,Research & Development,2,2,Medical,1,1760,3,Female,75,1,,Laboratory Technician,,Married,2468,4,Y,No,14,3,9,6,,
31,Maharashtra,Travel_Rarely,1079,Sales,16,4,Marketing,1,1761,1,Male,70,3,,Sales Executive,,Married,8161,2,Y,No,13,3,10,1,,
29,Karnatka,Travel_Rarely,590,Research & Development,4,3,Technical Degree,1,1762,4,Female,91,1,,Research Scientist,,Divorced,2109,1,Y,No,13,3,1,1,,
30,Delhi,Travel_Rarely,305,Research & Development,16,3,Life Sciences,1,1763,3,Male,58,2,,Healthcare Representative,,Married,5294,3,Y,No,16,3,10,7,,
32,Madhya Pradesh,Non-Travel,953,Research & Development,5,4,Technical Degree,1,1764,2,Male,65,1,,Research Scientist,,Single,2718,2,Y,No,14,3,12,7,,
38,UttarPradesh,Travel_Rarely,833,Research & Development,18,3,Medical,1,1766,2,Male,60,2,,Healthcare Representative,,Married,5811,3,Y,Yes,16,3,15,1,,
43,Maharashtra,Travel_Frequently,807,Research & Development,17,3,Technical Degree,1,1767,3,Male,38,1,,Research Scientist,,Married,2437,9,Y,Yes,16,3,6,1,,
42,Karnatka,Travel_Rarely,855,Research & Development,12,3,Medical,1,1768,2,Male,57,1,,Laboratory Technician,,Divorced,2766,8,Y,No,22,4,7,5,,
55,Delhi,Travel_Rarely,478,Research & Development,2,3,Medical,1,1770,3,Male,60,5,,Research Director,,Married,19038,8,Y,No,12,3,34,1,,
33,Madhya Pradesh,Non-Travel,775,Research & Development,4,3,Technical Degree,1,1771,4,Male,90,2,,Research Scientist,,Divorced,3055,5,Y,No,15,3,11,9,,
41,Andhra Pradesh,Travel_Rarely,548,Research & Development,9,4,Life Sciences,1,1772,3,Male,94,1,,Laboratory Technician,,Divorced,2289,1,Y,No,20,4,5,5,,
34,Himachal Pradesh,Non-Travel,1375,Sales,10,3,Life Sciences,1,1774,4,Male,87,2,,Sales Executive,,Divorced,4001,1,Y,Yes,14,3,15,15,,
53,Kerala,Non-Travel,661,Research & Development,1,4,Medical,1,1775,1,Female,60,4,,Manufacturing Director,,Married,12965,4,Y,Yes,20,4,27,3,,
43,Haryana,Travel_Rarely,244,Human Resources,2,3,Life Sciences,1,1778,2,Male,97,1,,Human Resources,,Single,3539,0,Y,No,13,3,10,9,,
34,Bihar,Travel_Rarely,511,Sales,3,2,Life Sciences,1,1779,4,Female,32,2,,Sales Executive,,Single,6029,5,Y,No,12,3,6,2,,
21,Gujrat,Travel_Rarely,337,Sales,7,1,Marketing,1,1780,2,Male,31,1,,Sales Representative,,Single,2679,1,Y,No,13,3,1,1,,
38,Andhra Pradesh,Travel_Rarely,1153,Research & Development,6,2,Other,1,1782,4,Female,40,1,,Laboratory Technician,,Married,3702,1,Y,No,11,3,5,5,,
22,Himachal Pradesh,Travel_Rarely,1294,Research & Development,8,1,Medical,1,1783,3,Female,79,1,,Laboratory Technician,,Married,2398,1,Y,Yes,17,3,1,1,,
31,Kerala,Travel_Rarely,196,Sales,29,4,Marketing,1,1784,1,Female,91,2,,Sales Executive,,Married,5468,1,Y,No,14,3,13,12,,
51,Haryana,Travel_Rarely,942,Research & Development,3,3,Technical Degree,1,1786,1,Female,53,3,,Manager,,Married,13116,2,Y,No,11,3,15,2,,
37,UttarPradesh,Travel_Rarely,589,Sales,9,2,Marketing,1,1787,2,Male,46,2,,Sales Executive,,Married,4189,1,Y,No,14,3,5,5,,
46,Maharashtra,Travel_Rarely,734,Research & Development,2,4,Medical,1,1789,3,Male,46,5,,Research Director,,Divorced,19328,7,Y,Yes,17,3,24,2,,
36,Karnatka,Travel_Rarely,1383,Research & Development,10,3,Life Sciences,1,1790,4,Male,90,3,,Healthcare Representative,,Married,8321,7,Y,Yes,13,3,15,12,,
44,Delhi,Travel_Frequently,429,Research & Development,1,2,Medical,1,1792,3,Male,99,1,,Research Scientist,,Divorced,2342,1,Y,Yes,12,3,6,5,,
37,Madhya Pradesh,Travel_Rarely,1239,Human Resources,8,2,Other,1,1794,3,Male,89,2,,Human Resources,,Divorced,4071,2,Y,No,13,3,19,10,,
35,UttarPradesh,Travel_Rarely,303,Sales,27,3,Life Sciences,1,1797,3,Male,84,2,,Sales Executive,,Single,5813,1,Y,Yes,18,3,10,10,,
33,Maharashtra,Travel_Rarely,867,Research & Development,8,4,Life Sciences,1,1798,4,Male,90,1,,Research Scientist,,Married,3143,6,Y,No,19,3,14,10,,
28,Karnatka,Travel_Rarely,1181,Research & Development,1,3,Life Sciences,1,1799,3,Male,82,1,,Research Scientist,,Married,2044,1,Y,No,11,3,5,5,,
39,Delhi,Travel_Rarely,1253,Research & Development,10,1,Medical,1,1800,3,Male,65,3,,Research Director,,Single,13464,7,Y,No,21,4,9,4,,
46,Madhya Pradesh,Non-Travel,849,Sales,26,2,Life Sciences,1,1801,2,Male,98,2,,Sales Executive,,Single,7991,8,Y,No,15,3,6,2,,
40,Andhra Pradesh,Travel_Rarely,616,Research & Development,2,2,Life Sciences,1,1802,3,Female,99,1,,Laboratory Technician,,Married,3377,4,Y,No,17,3,7,4,,
42,Delhi,Travel_Rarely,1128,Research & Development,13,3,Medical,1,1803,2,Male,95,2,,Healthcare Representative,,Married,5538,5,Y,No,18,3,10,0,,
35,Madhya Pradesh,Non-Travel,1180,Research & Development,2,2,Medical,1,1804,2,Male,90,2,,Manufacturing Director,,Divorced,5762,2,Y,No,14,3,15,7,,
38,Andhra Pradesh,Non-Travel,1336,Human Resources,2,3,Human Resources,1,1805,1,Male,100,1,,Human Resources,,Divorced,2592,5,Y,No,13,3,13,11,,
34,Himachal Pradesh,Travel_Frequently,234,Research & Development,9,4,Life Sciences,1,1807,4,Male,93,2,,Laboratory Technician,,Married,5346,4,Y,No,17,3,11,7,,
37,Kerala,Travel_Rarely,370,Research & Development,10,4,Medical,1,1809,4,Male,58,2,,Manufacturing Director,,Single,4213,1,Y,No,15,3,10,10,,
39,UttarPradesh,Travel_Frequently,766,Sales,20,3,Life Sciences,1,1812,3,Male,83,2,,Sales Executive,,Divorced,4127,2,Y,No,18,3,7,2,,
43,Maharashtra,Non-Travel,343,Research & Development,9,3,Life Sciences,1,1813,1,Male,52,1,,Research Scientist,,Single,2438,4,Y,No,13,3,7,3,,
41,Karnatka,Travel_Rarely,447,Research & Development,5,3,Life Sciences,1,1814,2,Male,85,2,,Healthcare Representative,,Single,6870,3,Y,No,12,3,11,3,,
41,Delhi,Travel_Rarely,796,Sales,4,1,Marketing,1,1815,3,Female,81,3,,Sales Executive,,Divorced,10447,0,Y,Yes,13,3,23,22,,
30,Madhya Pradesh,Travel_Rarely,1092,Research & Development,10,3,Medical,1,1816,1,Female,64,3,,Manufacturing Director,,Single,9667,9,Y,No,14,3,9,7,,
26,UttarPradesh,Travel_Rarely,920,Human Resources,20,2,Medical,1,1818,4,Female,69,1,,Human Resources,,Married,2148,0,Y,Yes,11,3,6,5,,
46,Maharashtra,Travel_Rarely,261,Research & Development,21,2,Medical,1,1821,4,Female,66,2,,Healthcare Representative,,Married,8926,4,Y,No,22,4,13,9,,
40,Karnatka,Travel_Rarely,1194,Research & Development,1,3,Life Sciences,1,1822,3,Female,52,2,,Healthcare Representative,,Divorced,6513,4,Y,No,17,3,12,5,,
34,Delhi,Travel_Rarely,810,Sales,8,2,Technical Degree,1,1823,2,Male,92,2,,Sales Executive,,Married,6799,1,Y,No,21,4,10,10,,
58,Madhya Pradesh,Non-Travel,350,Sales,2,3,Medical,1,1824,2,Male,52,4,,Manager,,Divorced,16291,4,Y,No,22,4,37,16,,
35,Andhra Pradesh,Travel_Rarely,185,Research & Development,23,4,Medical,1,1826,2,Male,91,1,,Laboratory Technician,,Married,2705,0,Y,No,16,3,6,5,,
47,Delhi,Travel_Rarely,1001,Research & Development,4,3,Life Sciences,1,1827,3,Female,92,3,,Manufacturing Director,,Divorced,10333,8,Y,Yes,12,3,28,22,,
40,Madhya Pradesh,Travel_Rarely,750,Research & Development,12,3,Life Sciences,1,1829,2,Female,47,2,,Healthcare Representative,,Divorced,4448,2,Y,No,12,3,15,7,,
54,Andhra Pradesh,Travel_Rarely,431,Research & Development,7,4,Medical,1,1830,4,Female,68,2,,Research Scientist,,Married,6854,4,Y,No,15,3,14,7,,
31,Himachal Pradesh,Travel_Frequently,1125,Sales,7,4,Marketing,1,1833,1,Female,68,3,,Sales Executive,,Married,9637,2,Y,No,14,3,9,3,,
28,Kerala,Travel_Rarely,1217,Research & Development,1,3,Medical,1,1834,3,Female,67,1,,Research Scientist,,Married,3591,1,Y,No,25,4,3,3,,
38,Haryana,Travel_Rarely,723,Sales,2,4,Marketing,1,1835,2,Female,77,2,,Sales Representative,,Married,5405,2,Y,Yes,20,4,20,4,,
26,Bihar,Travel_Rarely,572,Sales,10,3,Medical,1,1836,3,Male,46,2,,Sales Executive,,Single,4684,1,Y,No,13,3,5,5,,
58,Gujrat,Travel_Frequently,1216,Research & Development,15,4,Life Sciences,1,1837,1,Male,87,4,,Research Director,,Married,15787,2,Y,Yes,14,3,23,2,,
18,UttarPradesh,Non-Travel,1431,Research & Development,14,3,Medical,1,1839,2,Female,33,1,,Research Scientist,,Single,1514,1,Y,No,16,3,0,0,,
31,Maharashtra,Travel_Rarely,359,Human Resources,18,5,Human Resources,1,1842,4,Male,89,1,,Human Resources,,Married,2956,0,Y,No,17,3,2,1,,
29,Karnatka,Travel_Rarely,350,Human Resources,13,3,Human Resources,1,1844,1,Male,56,1,,Human Resources,,Divorced,2335,4,Y,Yes,15,3,4,2,,
45,Delhi,Non-Travel,589,Sales,2,4,Life Sciences,1,1845,3,Female,67,2,,Sales Executive,,Married,5154,4,Y,No,22,4,10,8,,
36,Madhya Pradesh,Travel_Rarely,430,Research & Development,2,4,Other,1,1847,4,Female,73,2,,Research Scientist,,Married,6962,4,Y,Yes,22,4,15,1,,
43,Andhra Pradesh,Travel_Frequently,1422,Sales,2,4,Life Sciences,1,1849,1,Male,92,2,,Sales Executive,,Married,5675,1,Y,No,20,4,7,7,,
27,Himachal Pradesh,Travel_Frequently,1297,Research & Development,5,2,Life Sciences,1,1850,4,Female,53,1,,Laboratory Technician,,Single,2379,0,Y,Yes,14,3,6,5,,
29,Kerala,Travel_Frequently,574,Research & Development,20,1,Medical,1,1852,4,Male,40,1,,Laboratory Technician,,Married,3812,1,Y,No,13,3,11,11,,
32,Haryana,Travel_Frequently,1318,Sales,10,4,Marketing,1,1853,4,Male,79,2,,Sales Executive,,Single,4648,8,Y,No,13,3,4,0,,
42,Bihar,Non-Travel,355,Research & Development,10,4,Technical Degree,1,1854,3,Male,38,1,,Research Scientist,,Married,2936,3,Y,No,22,4,10,6,,
47,Gujrat,Travel_Rarely,207,Research & Development,9,4,Life Sciences,1,1856,2,Female,64,1,,Laboratory Technician,,Single,2105,4,Y,No,12,3,7,2,,
46,UttarPradesh,Travel_Rarely,706,Research & Development,2,2,Life Sciences,1,1857,4,Male,82,3,,Manufacturing Director,,Divorced,8578,3,Y,No,14,3,12,9,,
28,Maharashtra,Non-Travel,280,Human Resources,1,2,Life Sciences,1,1858,3,Male,43,1,,Human Resources,,Divorced,2706,1,Y,No,15,3,3,3,,
29,Karnatka,Travel_Rarely,726,Research & Development,29,1,Life Sciences,1,1859,4,Male,93,2,,Healthcare Representative,,Divorced,6384,8,Y,No,17,3,11,7,,
42,Delhi,Travel_Rarely,1142,Research & Development,8,3,Life Sciences,1,1860,4,Male,81,1,,Laboratory Technician,,Single,3968,4,Y,No,13,3,8,0,,
32,Madhya Pradesh,Travel_Rarely,414,Sales,2,4,Marketing,1,1862,3,Male,82,2,,Sales Executive,,Single,9907,7,Y,Yes,12,3,7,2,,
46,UttarPradesh,Travel_Rarely,1319,Sales,3,3,Technical Degree,1,1863,1,Female,45,4,,Sales Executive,,Divorced,13225,2,Y,No,12,3,25,19,,
27,Maharashtra,Travel_Rarely,728,Sales,23,1,Medical,1,1864,2,Female,36,2,,Sales Representative,,Married,3540,1,Y,No,21,4,9,9,,
29,Karnatka,Travel_Rarely,352,Human Resources,6,1,Medical,1,1865,4,Male,87,1,,Human Resources,,Married,2804,1,Y,No,11,3,1,1,,
43,Delhi,Travel_Rarely,823,Research & Development,6,3,Medical,1,1866,1,Female,81,5,,Manager,,Married,19392,7,Y,No,13,3,21,16,,
48,Madhya Pradesh,Travel_Rarely,1224,Research & Development,10,3,Life Sciences,1,1867,4,Male,91,5,,Research Director,,Married,19665,4,Y,No,12,3,29,22,,
29,Andhra Pradesh,Travel_Frequently,459,Research & Development,24,2,Life Sciences,1,1868,4,Male,73,1,,Research Scientist,,Single,2439,1,Y,Yes,24,4,1,1,,
46,Himachal Pradesh,Travel_Rarely,1254,Sales,10,3,Life Sciences,1,1869,3,Female,64,3,,Sales Executive,,Married,7314,5,Y,No,21,4,14,8,,
27,Kerala,Travel_Frequently,1131,Research & Development,15,3,Life Sciences,1,1870,4,Female,77,1,,Research Scientist,,Married,4774,0,Y,No,19,3,8,7,,
39,Haryana,Travel_Rarely,835,Research & Development,19,4,Other,1,1871,4,Male,41,2,,Research Scientist,,Divorced,3902,8,Y,No,14,3,7,2,,
55,Bihar,Travel_Rarely,836,Research & Development,2,4,Technical Degree,1,1873,2,Male,98,1,,Research Scientist,,Married,2662,8,Y,No,20,4,19,5,,
28,Gujrat,Travel_Rarely,1172,Sales,3,3,Medical,1,1875,2,Female,78,1,,Sales Representative,,Married,2856,1,Y,No,19,3,1,1,,
30,Andhra Pradesh,Travel_Rarely,945,Sales,9,3,Medical,1,1876,2,Male,89,1,,Sales Representative,,Single,1081,1,Y,No,13,3,1,1,,
22,Himachal Pradesh,Travel_Rarely,391,Research & Development,7,1,Life Sciences,1,1878,4,Male,75,1,,Research Scientist,,Single,2472,1,Y,Yes,23,4,1,1,,
36,Kerala,Travel_Rarely,1266,Sales,10,4,Technical Degree,1,1880,2,Female,63,2,,Sales Executive,,Married,5673,1,Y,Yes,13,3,10,10,,
31,Haryana,Travel_Rarely,311,Research & Development,20,3,Life Sciences,1,1881,2,Male,89,2,,Laboratory Technician,,Divorced,4197,1,Y,No,11,3,10,10,,
34,UttarPradesh,Travel_Rarely,1480,Sales,4,3,Life Sciences,1,1882,3,Male,64,3,,Sales Executive,,Married,9713,2,Y,Yes,13,3,9,5,,
29,Maharashtra,Travel_Rarely,592,Research & Development,7,3,Life Sciences,1,1883,4,Male,59,1,,Laboratory Technician,,Single,2062,3,Y,No,14,3,11,3,,
37,Karnatka,Travel_Rarely,783,Research & Development,7,4,Medical,1,1885,4,Male,78,2,,Research Scientist,,Married,4284,5,Y,Yes,22,4,16,5,,
35,Delhi,Travel_Rarely,219,Research & Development,16,2,Other,1,1886,4,Female,44,2,,Manufacturing Director,,Married,4788,0,Y,Yes,11,3,4,3,,
45,Madhya Pradesh,Travel_Rarely,556,Research & Development,25,2,Life Sciences,1,1888,2,Female,93,2,,Manufacturing Director,,Married,5906,0,Y,No,13,3,10,9,,
36,UttarPradesh,Travel_Frequently,1213,Human Resources,2,1,Human Resources,1,1890,2,Male,94,2,,Human Resources,,Single,3886,1,Y,No,21,4,10,10,,
40,Maharashtra,Travel_Rarely,1137,Research & Development,1,4,Life Sciences,1,1892,1,Male,98,4,,Manager,,Divorced,16823,2,Y,No,11,3,22,19,,
26,Karnatka,Travel_Rarely,482,Research & Development,1,2,Life Sciences,1,1893,2,Female,90,1,,Research Scientist,,Married,2933,1,Y,Yes,13,3,1,1,,
27,Delhi,Travel_Rarely,511,Sales,2,2,Medical,1,1898,1,Female,89,2,,Sales Executive,,Single,6500,0,Y,No,14,3,9,8,,
48,Madhya Pradesh,Travel_Frequently,117,Research & Development,22,3,Medical,1,1900,4,Female,58,4,,Manager,,Divorced,17174,3,Y,No,11,3,24,22,,
44,Andhra Pradesh,Travel_Rarely,170,Research & Development,1,4,Life Sciences,1,1903,2,Male,78,2,,Healthcare Representative,,Married,5033,2,Y,No,15,3,10,2,,
34,Delhi,Non-Travel,967,Research & Development,16,4,Technical Degree,1,1905,4,Male,85,1,,Research Scientist,,Married,2307,1,Y,Yes,23,4,5,5,,
56,Madhya Pradesh,Travel_Rarely,1162,Research & Development,24,2,Life Sciences,1,1907,1,Male,97,1,,Laboratory Technician,,Single,2587,1,Y,No,16,3,5,4,,
36,Andhra Pradesh,Travel_Rarely,335,Sales,17,2,Marketing,1,1908,3,Male,33,2,,Sales Executive,,Married,5507,2,Y,No,16,3,12,4,,
41,Himachal Pradesh,Travel_Rarely,337,Sales,8,3,Marketing,1,1909,3,Female,54,2,,Sales Executive,,Married,4393,5,Y,No,21,4,14,5,,
42,Kerala,Travel_Rarely,1396,Research & Development,6,3,Medical,1,1911,3,Male,83,3,,Research Director,,Married,13348,9,Y,No,13,3,18,13,,
31,UttarPradesh,Travel_Rarely,1079,Sales,10,2,Medical,1,1912,3,Female,86,2,,Sales Executive,,Divorced,6583,2,Y,Yes,11,3,8,5,,
34,Maharashtra,Travel_Rarely,735,Sales,3,1,Medical,1,1915,4,Female,75,2,,Sales Executive,,Married,8103,3,Y,Yes,12,3,9,4,,
31,Karnatka,Travel_Rarely,471,Research & Development,4,3,Medical,1,1916,1,Female,62,1,,Laboratory Technician,,Divorced,3978,8,Y,No,12,3,4,2,,
26,Delhi,Travel_Frequently,1096,Research & Development,6,3,Other,1,1918,3,Male,61,1,,Laboratory Technician,,Married,2544,0,Y,No,18,3,8,7,,
45,Madhya Pradesh,Travel_Frequently,1297,Research & Development,1,4,Medical,1,1922,2,Male,44,2,,Healthcare Representative,,Single,5399,4,Y,No,12,3,12,4,,
33,UttarPradesh,Travel_Rarely,217,Sales,10,4,Marketing,1,1924,2,Male,43,2,,Sales Executive,,Single,5487,1,Y,No,14,3,10,10,,
28,Maharashtra,Travel_Frequently,783,Sales,1,2,Life Sciences,1,1927,3,Male,42,2,,Sales Executive,,Married,6834,1,Y,Yes,12,3,7,7,,
29,Karnatka,Travel_Frequently,746,Sales,24,3,Technical Degree,1,1928,3,Male,45,1,,Sales Representative,,Single,1091,1,Y,No,17,3,1,1,,
39,Delhi,Non-Travel,1251,Sales,21,4,Life Sciences,1,1929,1,Female,32,2,,Sales Executive,,Married,5736,6,Y,No,19,3,10,3,,
27,Madhya Pradesh,Travel_Rarely,1354,Research & Development,2,4,Technical Degree,1,1931,2,Male,41,1,,Research Scientist,,Married,2226,1,Y,No,11,3,6,5,,
34,Andhra Pradesh,Travel_Frequently,735,Research & Development,22,4,Other,1,1932,3,Male,86,2,,Research Scientist,,Married,5747,1,Y,Yes,15,3,16,15,,
28,Delhi,Travel_Rarely,1475,Sales,13,2,Marketing,1,1933,4,Female,84,2,,Sales Executive,,Single,9854,3,Y,Yes,11,3,6,2,,
47,Madhya Pradesh,Non-Travel,1169,Research & Development,14,4,Technical Degree,1,1934,3,Male,64,2,,Research Scientist,,Married,5467,8,Y,No,18,3,16,8,,
56,Andhra Pradesh,Travel_Rarely,1443,Sales,11,5,Marketing,1,1935,4,Female,89,2,,Sales Executive,,Married,5380,4,Y,No,16,3,6,0,,
39,Himachal Pradesh,Travel_Rarely,867,Research & Development,9,2,Medical,1,1936,1,Male,87,2,,Manufacturing Director,,Married,5151,1,Y,No,25,4,10,10,,
38,Kerala,Travel_Frequently,1394,Research & Development,8,3,Medical,1,1937,4,Female,58,2,,Research Scientist,,Divorced,2133,1,Y,Yes,16,3,20,20,,
58,Haryana,Travel_Rarely,605,Sales,21,3,Life Sciences,1,1938,4,Female,72,4,,Manager,,Married,17875,4,Y,Yes,13,3,29,1,,
32,Bihar,Travel_Frequently,238,Research & Development,5,2,Life Sciences,1,1939,1,Female,47,1,,Research Scientist,,Single,2432,3,Y,Yes,14,3,8,4,,
38,Gujrat,Travel_Rarely,1206,Research & Development,9,2,Life Sciences,1,1940,2,Male,71,1,,Research Scientist,,Divorced,4771,2,Y,No,19,3,10,5,,
49,UttarPradesh,Travel_Frequently,1064,Research & Development,2,1,Life Sciences,1,1941,2,Male,42,5,,Research Director,,Married,19161,3,Y,No,15,3,28,5,,
42,Maharashtra,Travel_Rarely,419,Sales,12,4,Marketing,1,1943,2,Male,77,2,,Sales Executive,,Divorced,5087,3,Y,Yes,12,3,14,0,,
27,Karnatka,Travel_Frequently,1337,Human Resources,22,3,Human Resources,1,1944,1,Female,58,1,,Human Resources,,Married,2863,1,Y,No,12,3,1,1,,
35,Delhi,Travel_Rarely,682,Sales,18,4,Medical,1,1945,2,Male,71,2,,Sales Executive,,Married,5561,0,Y,No,16,3,6,5,,
28,Madhya Pradesh,Non-Travel,1103,Research & Development,16,3,Medical,1,1947,3,Male,49,1,,Research Scientist,,Single,2144,1,Y,No,14,3,5,5,,
31,Andhra Pradesh,Non-Travel,976,Research & Development,3,2,Medical,1,1948,3,Male,48,1,,Research Scientist,,Divorced,3065,1,Y,Yes,13,3,4,4,,
36,Himachal Pradesh,Non-Travel,1351,Research & Development,9,4,Life Sciences,1,1949,1,Male,66,1,,Laboratory Technician,,Married,2810,1,Y,No,22,4,5,5,,
34,Kerala,Travel_Rarely,937,Sales,1,3,Marketing,1,1950,1,Male,32,3,,Sales Executive,,Single,9888,1,Y,No,21,4,14,14,,
34,Haryana,Travel_Rarely,1239,Sales,13,4,Medical,1,1951,4,Male,39,3,,Sales Executive,,Divorced,8628,1,Y,No,18,3,9,8,,
26,Bihar,Travel_Rarely,157,Research & Development,1,3,Medical,1,1952,3,Male,95,1,,Laboratory Technician,,Single,2867,0,Y,No,13,3,8,7,,
29,Gujrat,Travel_Rarely,136,Research & Development,1,3,Life Sciences,1,1954,1,Male,89,2,,Healthcare Representative,,Married,5373,0,Y,No,12,3,6,5,,
32,UttarPradesh,Non-Travel,1146,Research & Development,15,4,Medical,1,1955,3,Female,34,2,,Healthcare Representative,,Divorced,6667,5,Y,No,18,3,9,5,,
31,Maharashtra,Travel_Frequently,1125,Research & Development,1,3,Life Sciences,1,1956,4,Male,48,2,,Research Scientist,,Married,5003,1,Y,No,21,4,10,10,,
28,Karnatka,Travel_Rarely,1404,Research & Development,,3,Technical Degree,1,1960,3,Male,32,1,,Laboratory Technician,,Divorced,2367,5,Y,No,12,3,6,4,,
38,Delhi,Travel_Rarely,1404,Sales,1,3,Life Sciences,1,1961,1,Male,59,1,,Sales Representative,,Single,2858,4,Y,No,14,3,20,1,,
35,Madhya Pradesh,Travel_Rarely,1224,Sales,7,4,Life Sciences,1,1962,3,Female,55,2,,Sales Executive,,Married,5204,1,Y,Yes,11,3,10,10,,
27,UttarPradesh,Travel_Rarely,954,Sales,9,3,Marketing,1,1965,4,Male,44,2,,Sales Executive,,Single,4105,1,Y,No,14,3,7,7,,
32,Maharashtra,Travel_Rarely,1373,Research & Development,5,4,Life Sciences,1,1966,4,Male,56,2,,Manufacturing Director,,Single,9679,8,Y,No,24,4,8,1,,
31,Karnatka,Travel_Frequently,754,Sales,26,4,Marketing,1,1967,1,Male,63,2,,Sales Executive,,Married,5617,1,Y,Yes,11,3,10,10,,
53,Delhi,Travel_Rarely,1168,Sales,24,4,Life Sciences,1,1968,1,Male,66,3,,Sales Executive,,Single,10448,6,Y,Yes,13,3,15,2,,
54,Madhya Pradesh,Travel_Rarely,155,Research & Development,9,2,Life Sciences,1,1969,1,Female,67,2,,Research Scientist,,Married,2897,3,Y,No,11,3,9,4,,
33,Andhra Pradesh,Travel_Frequently,1303,Research & Development,7,2,Life Sciences,1,1970,4,Male,36,2,,Healthcare Representative,,Divorced,5968,1,Y,No,20,4,9,9,,
43,Himachal Pradesh,Travel_Rarely,574,Research & Development,11,3,Life Sciences,1,1971,1,Male,30,3,,Healthcare Representative,,Married,7510,1,Y,No,17,3,10,10,,
38,Kerala,Travel_Frequently,1444,Human Resources,1,4,Other,1,1972,4,Male,88,1,,Human Resources,,Married,2991,0,Y,Yes,11,3,7,6,,
55,Haryana,Travel_Rarely,189,Human Resources,26,4,Human Resources,1,1973,3,Male,71,5,,Manager,,Married,19636,4,Y,Yes,18,3,35,10,,
31,Bihar,Travel_Rarely,1276,Research & Development,2,1,Medical,1,1974,4,Female,59,1,,Laboratory Technician,,Divorced,1129,1,Y,Yes,11,3,1,1,,
39,Gujrat,Travel_Rarely,119,Sales,15,4,Marketing,1,1975,2,Male,77,4,,Sales Executive,,Single,13341,0,Y,No,12,3,21,20,,
42,Andhra Pradesh,Non-Travel,335,Research & Development,23,2,Life Sciences,1,1976,4,Male,37,2,,Research Scientist,,Single,4332,1,Y,No,12,3,20,20,,
31,Himachal Pradesh,Non-Travel,697,Research & Development,10,3,Medical,1,1979,3,Female,40,3,,Research Director,,Married,11031,4,Y,No,20,4,13,11,,
54,Kerala,Travel_Rarely,157,Research & Development,10,3,Medical,1,1980,3,Female,77,2,,Manufacturing Director,,Single,4440,6,Y,Yes,19,3,9,5,,
24,Haryana,Travel_Rarely,771,Research & Development,1,2,Life Sciences,1,1981,2,Male,45,2,,Healthcare Representative,,Single,4617,1,Y,No,12,3,4,4,,
23,UttarPradesh,Travel_Rarely,571,Research & Development,12,2,Other,1,1982,4,Male,78,1,,Laboratory Technician,,Single,2647,1,Y,No,13,3,5,5,,
40,Maharashtra,Travel_Frequently,692,Research & Development,11,3,Technical Degree,1,1985,4,Female,73,2,,Laboratory Technician,,Married,6323,1,Y,No,11,3,10,10,,
40,Karnatka,Travel_Rarely,444,Sales,2,2,Marketing,1,1986,2,Female,92,2,,Sales Executive,,Married,5677,3,Y,No,14,3,15,11,,
25,Delhi,Travel_Rarely,309,Human Resources,2,3,Human Resources,1,1987,3,Female,82,1,,Human Resources,,Married,2187,4,Y,No,14,3,6,2,,
30,Madhya Pradesh,Travel_Rarely,911,Research & Development,1,2,Medical,1,1989,4,Male,76,1,,Laboratory Technician,,Married,3748,1,Y,No,13,3,12,12,,
25,UttarPradesh,Travel_Rarely,977,Research & Development,2,1,Other,1,1992,4,Male,57,1,,Laboratory Technician,,Divorced,3977,6,Y,Yes,19,3,7,2,,
47,Maharashtra,Travel_Rarely,1180,Research & Development,25,3,Medical,1,1993,1,Male,84,3,,Healthcare Representative,,Single,8633,2,Y,No,23,4,25,17,,
33,Karnatka,Non-Travel,1313,Research & Development,1,2,Medical,1,1994,2,Male,59,1,,Laboratory Technician,,Divorced,2008,1,Y,No,12,3,1,1,,
38,Delhi,Travel_Rarely,1321,Sales,1,4,Life Sciences,1,1995,4,Male,86,2,,Sales Executive,,Married,4440,0,Y,No,15,3,16,15,,
31,Madhya Pradesh,Travel_Rarely,1154,Sales,2,2,Life Sciences,1,1996,1,Male,54,1,,Sales Representative,,Married,3067,0,Y,No,19,3,3,2,,
38,Andhra Pradesh,Travel_Frequently,508,Research & Development,6,4,Life Sciences,1,1997,1,Male,72,2,,Manufacturing Director,,Married,5321,2,Y,No,11,3,10,8,,
42,Delhi,Travel_Rarely,557,Research & Development,18,4,Life Sciences,1,1998,4,Male,35,2,,Research Scientist,,Divorced,5410,6,Y,Yes,17,3,9,4,,
41,Madhya Pradesh,Travel_Rarely,642,Research & Development,1,3,Life Sciences,1,1999,4,Male,76,1,,Research Scientist,,Married,2782,3,Y,No,22,4,12,5,,
47,Andhra Pradesh,Non-Travel,1162,Research & Development,1,1,Medical,1,2000,3,Female,98,3,,Research Director,,Married,11957,0,Y,No,18,3,14,13,,
35,Himachal Pradesh,Travel_Rarely,1490,Research & Development,11,4,Medical,1,2003,4,Male,43,1,,Laboratory Technician,,Married,2660,7,Y,Yes,11,3,5,2,,
22,Kerala,Travel_Rarely,581,Research & Development,1,2,Life Sciences,1,2007,4,Male,63,1,,Research Scientist,,Single,3375,0,Y,No,12,3,4,3,,
35,UttarPradesh,Travel_Rarely,1395,Research & Development,9,4,Medical,1,2008,2,Male,48,2,,Research Scientist,,Single,5098,1,Y,No,19,3,10,10,,
33,Maharashtra,Travel_Rarely,501,Research & Development,15,2,Medical,1,2009,2,Female,95,2,,Healthcare Representative,,Married,4878,0,Y,Yes,13,3,10,9,,
32,Karnatka,Travel_Rarely,267,Research & Development,29,4,Life Sciences,1,2010,3,Female,49,1,,Laboratory Technician,,Single,2837,1,Y,No,13,3,6,6,,
40,Delhi,Travel_Rarely,543,Research & Development,1,4,Life Sciences,1,2012,1,Male,83,1,,Laboratory Technician,,Married,2406,8,Y,No,19,3,8,1,,
32,Madhya Pradesh,Travel_Rarely,234,Sales,1,4,Medical,1,2013,2,Male,68,1,,Sales Representative,,Married,2269,0,Y,No,14,3,3,2,,
39,UttarPradesh,Travel_Rarely,116,Research & Development,24,1,Life Sciences,1,2014,1,Male,52,2,,Research Scientist,,Single,4108,7,Y,No,13,3,18,7,,
38,Maharashtra,Travel_Rarely,201,Research & Development,10,3,Medical,1,2015,2,Female,99,3,,Research Director,,Married,13206,3,Y,No,12,3,20,18,,
32,Karnatka,Travel_Rarely,801,Sales,1,4,Marketing,1,2016,3,Female,48,3,,Sales Executive,,Married,10422,1,Y,No,19,3,14,14,,
37,Delhi,Travel_Rarely,161,Research & Development,10,3,Life Sciences,1,2017,3,Female,42,3,,Research Director,,Married,13744,1,Y,Yes,25,4,16,16,,
25,Madhya Pradesh,Travel_Rarely,1382,Sales,8,2,Other,1,2018,1,Female,85,2,,Sales Executive,,Divorced,4907,0,Y,Yes,22,4,6,5,,
52,Andhra Pradesh,Non-Travel,585,Sales,29,4,Life Sciences,1,2019,1,Male,40,1,,Sales Representative,,Divorced,3482,2,Y,No,15,3,16,9,,
44,Delhi,Travel_Rarely,1037,Research & Development,1,3,Medical,1,2020,2,Male,42,1,,Research Scientist,,Single,2436,6,Y,Yes,12,3,6,4,,
21,Madhya Pradesh,Travel_Rarely,501,Sales,5,1,,1,2021,3,Male,58,1,,Sales Representative,,Single,2380,1,Y,Yes,11,3,2,2,,
39,Andhra Pradesh,Non-Travel,105,Research & Development,9,3,Life Sciences,1,2022,4,Male,87,5,,Manager,,Single,19431,2,Y,No,13,3,21,6,,
23,Himachal Pradesh,Travel_Frequently,638,Sales,9,3,Marketing,1,2023,4,Male,33,1,,Sales Representative,,Married,1790,1,Y,No,19,3,1,1,,
36,Kerala,Travel_Rarely,557,Sales,3,3,Medical,1,2024,1,Female,94,3,,Sales Executive,,Married,7644,0,Y,No,19,3,10,9,,
36,Haryana,Travel_Frequently,688,Research & Development,4,2,Life Sciences,1,2025,4,Female,97,2,,Manufacturing Director,,Divorced,5131,7,Y,No,13,3,18,4,,
56,Bihar,Non-Travel,667,Research & Development,1,4,Life Sciences,1,2026,3,Male,57,2,,Healthcare Representative,,Divorced,6306,1,Y,No,21,4,13,13,,
29,Gujrat,Travel_Rarely,1092,Research & Development,1,4,Medical,1,2027,1,Male,36,1,,Research Scientist,,Married,4787,9,Y,Yes,14,3,4,2,,
42,UttarPradesh,Travel_Rarely,300,Research & Development,2,3,Life Sciences,1,2028,1,Male,56,5,,Manager,,Married,18880,5,Y,No,11,3,24,22,,
56,Maharashtra,Travel_Rarely,310,Research & Development,7,2,Technical Degree,1,2029,4,Male,72,1,,Laboratory Technician,,Married,2339,8,Y,No,11,3,14,10,,
41,Karnatka,Travel_Rarely,582,Research & Development,28,4,Life Sciences,1,2030,1,Female,60,4,,Manufacturing Director,,Married,13570,0,Y,No,23,4,21,20,,
34,Delhi,Travel_Rarely,704,Sales,28,3,Marketing,1,2031,4,Female,95,2,,Sales Executive,,Married,6712,1,Y,No,21,4,8,8,,
36,Madhya Pradesh,Non-Travel,301,Sales,15,4,Marketing,1,2032,4,Male,88,2,,Sales Executive,,Divorced,5406,1,Y,No,24,4,15,15,,
41,Andhra Pradesh,Travel_Rarely,930,Sales,3,3,Life Sciences,1,2033,3,Male,57,2,,Sales Executive,,Divorced,8938,2,Y,No,11,3,14,5,,
32,Himachal Pradesh,Travel_Rarely,529,Research & Development,2,3,Technical Degree,1,2034,4,Male,78,1,,Research Scientist,,Single,2439,1,Y,No,14,3,4,4,,
35,Kerala,Travel_Rarely,1146,Human Resources,26,4,Life Sciences,1,2035,3,Female,31,3,,Human Resources,,Single,8837,1,Y,Yes,16,3,9,9,,
38,Haryana,Travel_Rarely,345,Sales,10,2,Life Sciences,1,2036,1,Female,100,2,,Sales Executive,,Married,5343,1,Y,No,11,3,10,10,,
50,Bihar,Travel_Frequently,878,Sales,1,4,Life Sciences,1,2037,2,Male,94,2,,Sales Executive,,Divorced,6728,7,Y,No,12,3,12,6,,
36,Gujrat,Travel_Rarely,1120,Sales,11,4,Marketing,1,2038,2,Female,100,2,,Sales Executive,,Married,6652,4,Y,No,13,3,8,6,,
45,UttarPradesh,Travel_Rarely,374,Sales,20,3,Life Sciences,1,2039,4,Female,50,2,,Sales Executive,,Single,4850,8,Y,No,15,3,8,5,,
40,Maharashtra,Travel_Rarely,1322,Research & Development,2,4,Life Sciences,1,2040,3,Male,52,1,,Research Scientist,,Single,2809,2,Y,No,14,3,8,2,,
35,Karnatka,Travel_Frequently,1199,Research & Development,18,4,Life Sciences,1,2041,3,Male,80,2,,Healthcare Representative,,Married,5689,1,Y,Yes,14,3,10,10,,
40,Delhi,Travel_Rarely,1194,Research & Development,2,4,Medical,1,2042,3,Female,98,1,,Research Scientist,,Married,2001,2,Y,No,14,3,20,5,,
35,Madhya Pradesh,Travel_Rarely,287,Research & Development,1,4,Life Sciences,1,2043,3,Female,62,1,,Research Scientist,,Married,2977,1,Y,No,12,3,4,4,,
29,UttarPradesh,Travel_Rarely,1378,Research & Development,13,2,Other,1,2044,4,Male,46,2,,Laboratory Technician,,Married,4025,4,Y,Yes,13,3,10,4,,
29,Maharashtra,Travel_Rarely,468,Research & Development,28,4,Medical,1,2045,4,Female,73,1,,Research Scientist,,Single,3785,1,Y,No,14,3,5,5,,
50,Karnatka,Travel_Rarely,410,Sales,28,3,Marketing,1,2046,4,Male,39,3,,Sales Executive,,Divorced,10854,4,Y,Yes,13,3,20,3,,
39,Delhi,Travel_Rarely,722,Sales,24,1,Marketing,1,2047,2,Female,60,4,,Sales Executive,,Married,12031,0,Y,No,11,3,21,20,,
31,Madhya Pradesh,Non-Travel,325,Research & Development,5,3,Medical,1,2048,2,Male,74,2,,Manufacturing Director,,Single,9936,0,Y,No,19,3,10,9,,
26,Andhra Pradesh,Travel_Rarely,1167,Sales,5,3,Other,1,2049,4,Female,30,1,,Sales Representative,,Single,2966,0,Y,No,18,3,5,4,,
36,Himachal Pradesh,Travel_Frequently,884,Research & Development,23,2,Medical,1,2050,3,Male,41,2,,Laboratory Technician,,Married,2571,4,Y,No,17,3,17,5,,
39,Kerala,Travel_Rarely,613,Research & Development,6,1,Medical,1,2051,4,Male,42,3,,Healthcare Representative,,Married,9991,4,Y,No,15,3,9,7,,
27,Haryana,Travel_Rarely,155,Research & Development,4,3,Life Sciences,1,2052,2,Male,87,2,,Manufacturing Director,,Married,6142,1,Y,Yes,20,4,6,6,,
49,Bihar,Travel_Frequently,1023,Sales,2,3,Medical,1,2053,4,Male,63,2,,Sales Executive,,Married,5390,2,Y,No,14,3,17,9,,
34,Gujrat,Travel_Rarely,628,Research & Development,8,3,Medical,1,2054,2,Male,82,2,,Laboratory Technician,,Married,4404,2,Y,No,12,3,6,4,,
25,Madhya Pradesh,Travel_Rarely,1382,Sales,8,2,Other,1,2055,1,Female,85,2,,Sales Executive,,Divorced,4907,0,Y,Yes,22,4,6,5,,
52,Andhra Pradesh,Non-Travel,585,Sales,29,4,Life Sciences,1,2056,1,Male,40,1,,Sales Representative,,Divorced,3482,2,Y,No,15,3,16,9,,
44,Delhi,Travel_Rarely,1037,Research & Development,1,3,Medical,1,2057,2,Male,42,1,,Research Scientist,,Single,2436,6,Y,Yes,12,3,6,4,,
21,Madhya Pradesh,Travel_Rarely,501,Sales,5,1,Medical,1,2058,3,Male,58,1,,Sales Representative,,Single,2380,1,Y,Yes,11,3,2,2,,
39,Andhra Pradesh,Non-Travel,105,Research & Development,9,3,Life Sciences,1,2059,4,Male,87,5,,Manager,,Single,19431,2,Y,No,13,3,21,6,,
23,Himachal Pradesh,Travel_Frequently,638,Sales,9,3,Marketing,1,2060,4,Male,33,1,,Sales Representative,,Married,1790,1,Y,No,19,3,1,1,,
36,Kerala,Travel_Rarely,557,Sales,3,3,Medical,1,2061,1,Female,94,3,,Sales Executive,,Married,7644,0,Y,No,19,3,10,9,,
36,Haryana,Travel_Frequently,688,Research & Development,4,2,Life Sciences,1,2062,4,Female,97,2,,Manufacturing Director,,Divorced,5131,7,Y,No,13,3,18,4,,
56,Bihar,Non-Travel,667,Research & Development,1,4,Life Sciences,1,2063,3,Male,57,2,,Healthcare Representative,,Divorced,6306,1,Y,No,21,4,13,13,,
29,Gujrat,Travel_Rarely,1092,Research & Development,1,4,Medical,1,2064,1,Male,36,1,,Research Scientist,,Married,4787,9,Y,Yes,14,3,4,2,,
42,UttarPradesh,Travel_Rarely,300,Research & Development,2,3,Life Sciences,1,2065,1,Male,56,5,,Manager,,Married,18880,5,Y,No,11,3,24,22,,
56,Maharashtra,Travel_Rarely,310,Research & Development,7,2,Technical Degree,1,2066,4,Male,72,1,,Laboratory Technician,,Married,2339,8,Y,No,11,3,14,10,,
41,Karnatka,Travel_Rarely,582,Research & Development,28,4,Life Sciences,1,2067,1,Female,60,4,,Manufacturing Director,,Married,13570,0,Y,No,23,4,21,20,,
34,Delhi,Travel_Rarely,704,Sales,28,3,Marketing,1,2068,4,Female,95,2,,Sales Executive,,Married,6712,1,Y,No,21,4,8,8,,
36,Madhya Pradesh,Non-Travel,301,Sales,15,4,Marketing,1,2069,4,Male,88,2,,Sales Executive,,Divorced,5406,1,Y,No,24,4,15,15,,
41,Andhra Pradesh,Travel_Rarely,930,Sales,3,3,Life Sciences,1,2070,3,Male,57,2,,Sales Executive,,Divorced,8938,2,Y,No,11,3,14,5,,
32,Himachal Pradesh,Travel_Rarely,529,Research & Development,2,3,Technical Degree,1,2071,4,Male,78,1,,Research Scientist,,Single,2439,1,Y,No,14,3,4,4,,
35,Kerala,Travel_Rarely,1146,Human Resources,26,4,Life Sciences,1,2072,3,Female,31,3,,Human Resources,,Single,8837,1,Y,Yes,16,3,9,9,,
38,Haryana,Travel_Rarely,345,Sales,10,2,Life Sciences,1,2073,1,Female,100,2,,Sales Executive,,Married,5343,1,Y,No,11,3,10,10,,
50,Bihar,Travel_Frequently,878,Sales,1,4,Life Sciences,1,2074,2,Male,94,2,,Sales Executive,,Divorced,6728,7,Y,No,12,3,12,6,,
36,Gujrat,Travel_Rarely,1120,Sales,11,4,Marketing,1,2075,2,Female,100,2,,Sales Executive,,Married,6652,4,Y,No,13,3,8,6,,
45,UttarPradesh,Travel_Rarely,374,Sales,20,3,Life Sciences,1,2076,4,Female,50,2,,Sales Executive,,Single,4850,8,Y,No,15,3,8,5,,
40,Maharashtra,Travel_Rarely,1322,Research & Development,2,4,Life Sciences,1,2077,3,Male,52,1,,Research Scientist,,Single,2809,2,Y,No,14,3,8,2,,
35,Karnatka,Travel_Frequently,1199,Research & Development,18,4,Life Sciences,1,2078,,Male,80,2,,Healthcare Representative,,Married,5689,1,Y,Yes,14,3,10,10,,
40,Delhi,Travel_Rarely,1194,Research & Development,2,4,Medical,1,2079,3,Female,98,1,,Research Scientist,,Married,2001,2,Y,No,14,3,20,5,,
35,Madhya Pradesh,Travel_Rarely,287,Research & Development,1,4,Life Sciences,1,2080,3,Female,62,1,,Research Scientist,,Married,2977,1,Y,No,12,3,4,4,,
29,UttarPradesh,Travel_Rarely,1378,Research & Development,13,2,Other,1,2081,4,Male,46,2,,Laboratory Technician,,Married,4025,4,Y,Yes,13,3,10,4,,
29,Maharashtra,Travel_Rarely,468,Research & Development,28,4,Medical,1,2082,4,Female,73,1,,Research Scientist,,Single,3785,1,Y,No,14,3,5,5,,
50,Karnatka,Travel_Rarely,410,Sales,28,3,Marketing,1,2083,4,Male,39,3,,Sales Executive,,Divorced,10854,4,Y,Yes,13,3,20,3,,
39,Delhi,Travel_Rarely,722,Sales,24,1,Marketing,1,2084,2,Female,60,4,,Sales Executive,,Married,12031,0,Y,No,11,3,21,20,,
31,Madhya Pradesh,Non-Travel,325,Research & Development,5,3,Medical,1,2085,2,Male,74,2,,Manufacturing Director,,Single,9936,0,Y,No,19,3,10,9,,
26,Andhra Pradesh,Travel_Rarely,1167,Sales,5,3,Other,1,2086,4,Female,30,1,,Sales Representative,,Single,2966,0,Y,No,18,3,5,4,,
36,Himachal Pradesh,Travel_Frequently,884,Research & Development,23,2,Medical,1,2087,3,Male,41,2,,Laboratory Technician,,Married,2571,4,Y,No,17,3,17,5,,
39,Kerala,Travel_Rarely,613,Research & Development,6,1,Medical,1,2088,4,Male,42,3,,Healthcare Representative,,Married,9991,4,Y,No,15,3,9,7,,
27,Haryana,Travel_Rarely,155,Research & Development,4,3,Life Sciences,1,2089,2,Male,87,2,,Manufacturing Director,,Married,6142,1,Y,Yes,20,4,6,6,,
49,Bihar,Travel_Frequently,1023,Sales,2,3,Medical,1,2090,4,Male,63,2,,Sales Executive,,Married,5390,2,Y,No,14,3,17,9,,
34,Gujrat,Travel_Rarely,628,Research & Development,8,3,Medical,1,2091,2,Male,82,2,,Laboratory Technician,,Married,4404,2,Y,No,12,3,6,4,,
